{
	"eggman-blue-00-png":  { "File": "boss.png", "Rect": "0,0,34,16", "Center": "17,8" },
	"eggman-blue-01-png":  { "File": "boss.png", "Rect": "34,0,34,16", "Center": "17,8" },
	"eggman-blue-02-png":  { "File": "boss.png", "Rect": "68,0,34,16", "Center": "17,8" },
	"eggman-blue-12-png":  { "File": "bossb.png", "Rect": "0,0,36,16", "Center": "20,8" },
	"eggman-blue-03-png":  { "File": "boss.png", "Rect": "102,0,34,16", "Center": "17,8" },
	"eggman-fbz-blue-00-png":  { "File": "boss.png", "Rect": "0,16,32,16", "Center": "16,8" },
	"eggman-fbz-blue-01-png":  { "File": "boss.png", "Rect": "32,16,32,16", "Center": "16,8" },
	"eggman-fbz-blue-02-png":  { "File": "boss.png", "Rect": "64,16,32,16", "Center": "16,8" },
	"eggman-fbz-blue-03-png":  { "File": "boss.png", "Rect": "96,16,32,16", "Center": "16,8" },
	"eggman-lrz-blue-0f-png":  { "File": "boss.png", "Rect": "0,32,26,18", "Center": "16,10" },
	"eggman-lrz-blue-10-png":  { "File": "boss.png", "Rect": "26,32,26,18", "Center": "16,10" },
	"eggman-lrz-blue-11-png":  { "File": "boss.png", "Rect": "52,32,26,18", "Center": "16,10" },
	"eggman-fbz-mini-blue-00-png":  { "File": "boss.png", "Rect": "7,50,41,56", "Center": "16,28" },
	"eggman-fbz-mini-blue-01-png":  { "File": "boss.png", "Rect": "48,50,41,56", "Center": "16,28" },
	"eggman-fbz-mini-blue-02-png":  { "File": "boss.png", "Rect": "89,50,41,56", "Center": "16,28" },
	"eggman-fbz-mini-blue-03-png":  { "File": "boss.png", "Rect": "130,50,41,56", "Center": "16,28" }
}