{
	"msmk1_Eggman": { "File": "boss9.png", "Rect":  "0,0,58,32", "Center": "29,0" },
	"msmk1_Eggman_Leave": { "File": "boss9.png", "Rect":  "0,32,58,32", "Center": "29,0" },

    "msmk1-Blue-Eggman-00": { "File": "boss9.png", "Rect":  "0,0,58,32", "Center": "29,0" },
    "msmk1-Blue-Eggman-01": { "File": "boss9.png", "Rect":  "58,0,58,32", "Center": "29,0" },
	"msmk1-Blue-Eggman-Hurt": { "File": "boss9.png", "Rect":  "0,32,58,32", "Center": "29,0" },
    "msmk1-Blue-Eggman-Defeat": { "File": "boss9.png", "Rect":  "58,32,58,32", "Center": "29,0" },
    "msmk1-Blue-Eggman-Laugh-00": { "File": "boss9.png", "Rect":  "0,64,58,32", "Center": "29,0" },
    "msmk1-Blue-Eggman-Laugh-01": { "File": "boss9.png", "Rect":  "58,64,58,32", "Center": "29,0" }
}
