{
	"eggman-laugh-blue-00-png": { "File": "boss3.png", "Rect": "0,0,34,16", "Center": "17,8" },
	"eggman-laugh-blue-01-png": { "File": "boss3.png", "Rect": "34,0,34,16", "Center": "17,8" },
	"eggman-laugh-blue-02-png": { "File": "boss3b.png", "Rect": "0,0,34,16", "Center": "17,8" },
	"eggman-laugh-blue-03-png": { "File": "boss3b.png", "Rect": "34,0,34,16", "Center": "17,8" },
	
	"eggman-laugh-lrz-blue-00-png": { "File": "boss3.png", "Rect": "0,16,26,18", "Center": "18,10" },
	"eggman-laugh-lrz-blue-01-png": { "File": "boss3.png", "Rect": "26,16,26,18", "Center": "18,10" },
	"eggman-laugh-lrz-blue-02-png": { "File": "boss3b.png", "Rect": "0,16,26,18", "Center": "18,10" },
	"eggman-laugh-lrz-blue-03-png": { "File": "boss3b.png", "Rect": "26,16,26,18", "Center": "18,10" },
	
	"eggman-laugh-fbz-blue-00-png": { "File": "boss3.png", "Rect": "0,34,32,16", "Center": "16,8" },
	"eggman-laugh-fbz-blue-01-png": { "File": "boss3.png", "Rect": "32,34,32,16", "Center": "16,8" },
	"eggman-laugh-fbz-blue-02-png": { "File": "boss3b.png", "Rect": "0,34,32,16", "Center": "16,8" },
	"eggman-laugh-fbz-blue-03-png": { "File": "boss3b.png", "Rect": "32,34,32,16", "Center": "16,8" },
	
	"eggman-laugh-fbz-mini-blue-00-png": { "File": "boss3.png", "Rect": "0,50,34,56", "Center": "17,28" },
	"eggman-laugh-fbz-mini-blue-01-png": { "File": "boss3.png", "Rect": "34,50,34,56", "Center": "17,28" },
	"eggman-laugh-fbz-mini-blue-02-png": { "File": "boss3b.png", "Rect": "0,50,32,56", "Center": "16,28" },
	"eggman-laugh-fbz-mini-blue-03-png": { "File": "boss3b.png", "Rect": "32,50,32,56", "Center": "16,28" }
}
